{
  "token_acc": 0.9992812865,
  "token_p": 0.9980235379,
  "token_r": 0.9978442468,
  "token_f": 0.9979338843,
  "pos_acc": 0.9731721566,
  "morph_acc": 0.9719550562,
  "morph_micro_p": 0.9862802605,
  "morph_micro_r": 0.9791255428,
  "morph_micro_f": 0.9826898789,
  "morph_per_feat": {
    "Gender": {
      "p": 0.9901295497,
      "r": 0.9830543079,
      "f": 0.9865792439
    },
    "Number": {
      "p": 0.9932104753,
      "r": 0.9865125241,
      "f": 0.9898501692
    },
    "NumType": {
      "p": 0.9849056604,
      "r": 0.963099631,
      "f": 0.973880597
    },
    "Definite": {
      "p": 0.9952690716,
      "r": 0.9982206406,
      "f": 0.996742671
    },
    "PronType": {
      "p": 0.9883817427,
      "r": 0.9851116625,
      "f": 0.9867439934
    },
    "Mood": {
      "p": 0.9599514563,
      "r": 0.9495798319,
      "f": 0.9547374774
    },
    "Person": {
      "p": 0.9655850541,
      "r": 0.9506292352,
      "f": 0.9580487805
    },
    "Tense": {
      "p": 0.9672977625,
      "r": 0.9565957447,
      "f": 0.9619169876
    },
    "VerbForm": {
      "p": 0.9754901961,
      "r": 0.9653499653,
      "f": 0.9703935911
    },
    "Degree": {
      "p": 0.9375,
      "r": 0.8823529412,
      "f": 0.9090909091
    },
    "Clitic": {
      "p": 0.989010989,
      "r": 0.9625668449,
      "f": 0.9756097561
    },
    "Poss": {
      "p": 0.9852941176,
      "r": 1.0,
      "f": 0.9925925926
    },
    "Polarity": {
      "p": 1.0,
      "r": 0.3333333333,
      "f": 0.5
    },
    "Foreign": {
      "p": 0.75,
      "r": 0.6,
      "f": 0.6666666667
    }
  },
  "tag_acc": 0.9702961398,
  "sents_p": 0.9703315881,
  "sents_r": 0.9858156028,
  "sents_f": 0.9780123131,
  "dep_uas": 0.9121308777,
  "dep_las": 0.8761189423,
  "dep_las_per_type": {
    "root": {
      "p": 0.8935427574,
      "r": 0.9078014184,
      "f": 0.9006156552
    },
    "flat:name": {
      "p": 0.923566879,
      "r": 0.917721519,
      "f": 0.9206349206
    },
    "case": {
      "p": 0.9793939394,
      "r": 0.9835666464,
      "f": 0.9814758579
    },
    "nmod": {
      "p": 0.8058058058,
      "r": 0.8231083845,
      "f": 0.8143651998
    },
    "nummod": {
      "p": 0.9106145251,
      "r": 0.8858695652,
      "f": 0.8980716253
    },
    "det": {
      "p": 0.9725274725,
      "r": 0.9761029412,
      "f": 0.9743119266
    },
    "nsubj": {
      "p": 0.8576998051,
      "r": 0.8494208494,
      "f": 0.8535402522
    },
    "aux": {
      "p": 0.9493087558,
      "r": 0.9493087558,
      "f": 0.9493087558
    },
    "advmod": {
      "p": 0.8284424379,
      "r": 0.8417431193,
      "f": 0.835039818
    },
    "obj": {
      "p": 0.8588516746,
      "r": 0.8975,
      "f": 0.8777506112
    },
    "cc": {
      "p": 0.9127725857,
      "r": 0.8987730061,
      "f": 0.9057187017
    },
    "conj": {
      "p": 0.6957671958,
      "r": 0.7108108108,
      "f": 0.7032085561
    },
    "det:predet": {
      "p": 0.9473684211,
      "r": 1.0,
      "f": 0.972972973
    },
    "amod": {
      "p": 0.8968609865,
      "r": 0.8995502249,
      "f": 0.8982035928
    },
    "mark": {
      "p": 0.9221311475,
      "r": 0.9297520661,
      "f": 0.9259259259
    },
    "cop": {
      "p": 0.8244274809,
      "r": 0.8571428571,
      "f": 0.8404669261
    },
    "xcomp": {
      "p": 0.7222222222,
      "r": 0.6770833333,
      "f": 0.6989247312
    },
    "obl": {
      "p": 0.8302180685,
      "r": 0.7792397661,
      "f": 0.8039215686
    },
    "acl:relcl": {
      "p": 0.7969924812,
      "r": 0.7737226277,
      "f": 0.7851851852
    },
    "acl": {
      "p": 0.7551020408,
      "r": 0.6434782609,
      "f": 0.6948356808
    },
    "ccomp": {
      "p": 0.7096774194,
      "r": 0.7096774194,
      "f": 0.7096774194
    },
    "expl": {
      "p": 0.9078947368,
      "r": 0.8846153846,
      "f": 0.8961038961
    },
    "nsubj:pass": {
      "p": 0.7848101266,
      "r": 0.7654320988,
      "f": 0.775
    },
    "aux:pass": {
      "p": 0.8780487805,
      "r": 0.9113924051,
      "f": 0.8944099379
    },
    "parataxis": {
      "p": 0.3157894737,
      "r": 0.1935483871,
      "f": 0.24
    },
    "obl:agent": {
      "p": 0.8717948718,
      "r": 0.8095238095,
      "f": 0.8395061728
    },
    "advcl": {
      "p": 0.6118421053,
      "r": 0.6549295775,
      "f": 0.6326530612
    },
    "expl:pass": {
      "p": 0.6666666667,
      "r": 0.7272727273,
      "f": 0.6956521739
    },
    "det:poss": {
      "p": 0.9855072464,
      "r": 1.0,
      "f": 0.9927007299
    },
    "flat": {
      "p": 1.0,
      "r": 1.0,
      "f": 1.0
    },
    "appos": {
      "p": 0.4545454545,
      "r": 0.3846153846,
      "f": 0.4166666667
    },
    "dep": {
      "p": 0.0,
      "r": 0.0,
      "f": 0.0
    },
    "iobj": {
      "p": 0.8571428571,
      "r": 0.9,
      "f": 0.8780487805
    },
    "expl:impers": {
      "p": 0.8888888889,
      "r": 1.0,
      "f": 0.9411764706
    },
    "csubj": {
      "p": 0.6666666667,
      "r": 0.4615384615,
      "f": 0.5454545455
    },
    "compound": {
      "p": 0.6818181818,
      "r": 0.5769230769,
      "f": 0.625
    },
    "discourse": {
      "p": 0.0,
      "r": 0.0,
      "f": 0.0
    },
    "fixed": {
      "p": 0.8695652174,
      "r": 0.7142857143,
      "f": 0.7843137255
    },
    "vocative": {
      "p": 0.3333333333,
      "r": 0.3333333333,
      "f": 0.3333333333
    },
    "flat:foreign": {
      "p": 0.6666666667,
      "r": 0.6666666667,
      "f": 0.6666666667
    },
    "orphan": {
      "p": 0.0,
      "r": 0.0,
      "f": 0.0
    }
  },
  "lemma_acc": 0.9718727534,
  "ents_p": 0.8765345493,
  "ents_r": 0.8768079217,
  "ents_f": 0.8766712142,
  "ents_per_type": {
    "LOC": {
      "p": 0.8879853396,
      "r": 0.9110458284,
      "f": 0.8993677861
    },
    "PER": {
      "p": 0.9146410803,
      "r": 0.9146410803,
      "f": 0.9146410803
    },
    "MISC": {
      "p": 0.7816664226,
      "r": 0.7334432536,
      "f": 0.7567874105
    },
    "ORG": {
      "p": 0.8319924278,
      "r": 0.794755877,
      "f": 0.8129479769
    }
  },
  "speed": 9446.3343566799
}